"horiz_0.5","horiz_1","horiz_1.5","horiz_2","horiz_2.5","horiz_3","horiz_3.5","horiz_4","horiz_4.5","horiz_5","horiz_5.5","horiz_6","horiz_6.5","horiz_7","horiz_7.5","horiz_8","horiz_8.5"
0.0190097877211968,0.0457603233397212,0.0595072491700765,0.058623199273472,0.0780324486687339,0.120662061520231,0.162037830232912,0.179056879553741,0.201910128702878,0.207904977491823,0.19919841867305,0.219484854146678,0.220832931466954,0.22092203491469,0.167790753310583,0.178792945888672,0.178197720677635
0.0195683222998402,0.0480009849037969,0.0683822995667457,0.0679635044719382,0.0832362402862972,0.110980502277936,0.133173134771409,0.141834885038311,0.150622133416437,0.15384907282375,0.154543350694549,0.160849768716643,0.162056024461486,0.163681299205591,0.16560897966102,0.167811287944421,0.170231780848802
0.875,0.921052631578948,0.887879887928451,0.880527749431949,0.869864005136192,0.757809929352904,0.716889716716351,0.764101838263553,0.783019300512963,0.835980869702822,0.832442261379637,0.814003226934677,0.776810567548303,0.765151134817399,0.865437379323804,0.784744893098305,0.793821666232578
