"horiz_0.5","horiz_1","horiz_1.5","horiz_2","horiz_2.5","horiz_3","horiz_3.5","horiz_4","horiz_4.5","horiz_5","horiz_5.5","horiz_6","horiz_6.5","horiz_7","horiz_7.5","horiz_8","horiz_8.5"
0.0186662688263998,0.0450557223926926,0.0592813017078746,0.0582092682443217,0.0781762325253534,0.120809796318604,0.161702257814955,0.178779402395032,0.200918878512232,0.208493089890197,0.199356317915707,0.218727436928267,0.219397415979152,0.218801476655011,0.167685649351275,0.179751098772503,0.180218509631643
0.0192687764275558,0.0473784988350629,0.0682376810101717,0.0677590729207565,0.0834350347100654,0.111219902967771,0.133293386251083,0.142118735717192,0.150861595329974,0.154802091161231,0.155596621042067,0.161937448694793,0.163272100337599,0.165046795731836,0.1671536368191,0.169570963642913,0.172264415076142
0.875,0.921052631578948,0.887879887928451,0.880527749431949,0.869864005136192,0.753303770749685,0.720349654351692,0.764101838263553,0.784720125706516,0.835980869702822,0.834408713081291,0.810111170002132,0.788692826302653,0.765151134817399,0.838558669823728,0.784744893098305,0.793821666232578
