"horiz_0.5","horiz_1","horiz_1.5","horiz_2","horiz_2.5","horiz_3","horiz_3.5","horiz_4","horiz_4.5","horiz_5","horiz_5.5","horiz_6","horiz_6.5","horiz_7","horiz_7.5","horiz_8","horiz_8.5"
0.0457688001791031,0.100667609848097,0.156368371407873,0.192575810346253,0.221626452766005,0.238503651323923,0.22578241221954,0.23445532540312,0.232544352629799,0.230160189641061,0.164817223066778,0.17486056574793,0.17153393092681,NA,NA,NA,NA
0.0454643685540603,0.0926165687085409,0.132861809010888,0.154971980262433,0.168462502476891,0.17427683290547,0.171118153410013,0.173540736896156,0.170330874109615,0.167683220597163,0.165394723197313,0.163845091999833,0.163235263701986,0.000763511904969561,3.40282511992529e-07,5.28632498261447e-13,8.58401196317684e-12
0.82960669647976,0.676673664133955,0.725720092756039,0.761046017205929,0.775184255281937,0.804130004530287,0.790906697787234,0.799326961191276,0.74822867757845,0.726878151563559,0.820314708844203,0.777697428253989,0.822364780679738,NA,NA,NA,NA
