"horiz_0.5","horiz_1","horiz_1.5","horiz_2","horiz_2.5","horiz_3","horiz_3.5","horiz_4","horiz_4.5","horiz_5","horiz_5.5","horiz_6","horiz_6.5","horiz_7","horiz_7.5","horiz_8","horiz_8.5"
0.0749898803434534,0.141845776582553,0.130503914370173,0.173104621790317,0.173250174214989,0.176050481289879,0.127959401524755,0.138646586363281,0.139256684981656,NA,NA,NA,NA,NA,NA,NA,NA
0.0646434390507564,0.114997534190335,0.109656297405043,0.132983737717448,0.13218885925285,0.133036607019685,0.133773623109898,0.134486193956553,0.134450188466254,0.000658045757079818,1.25149531906719e-08,8.60438775055149e-17,9.53779110296444e-16,2.42606228590765e-27,1.32170787726263e-25,5.70234115261306e-24,1.96364670232621e-22
0.861111111111111,0.873620789779326,0.862131770668356,0.835062283881181,0.787937222132948,0.752593425821772,0.836707911511061,0.782277215348081,0.782277215348081,NA,NA,NA,NA,NA,NA,NA,NA
