"horiz_0.5","horiz_1","horiz_1.5","horiz_2","horiz_2.5","horiz_3","horiz_3.5","horiz_4","horiz_4.5","horiz_5","horiz_5.5","horiz_6","horiz_6.5","horiz_7","horiz_7.5","horiz_8","horiz_8.5"
0.0459488095602535,0.100872915998726,0.156109742379137,0.192044510367551,0.220896410982322,0.23916561416571,0.225676820036149,0.233194038788402,0.229894073234233,0.226281489538609,0.162811799457005,0.172760971931113,0.169975393030415,NA,NA,NA,NA
0.0456421281538458,0.0928348679966164,0.132859538021172,0.154961042781944,0.168590440266797,0.175264675056695,0.172016112490434,0.174267793908213,0.170956310831107,0.168288847356346,0.166158208026178,0.16495915029393,0.164795600299999,0.000763021384122187,2.09278087639946e-07,1.72125783749778e-13,3.07272371700496e-12
0.82960669647976,0.676673664133955,0.725720092756039,0.757724791316378,0.772097827284845,0.804130004530287,0.793107566860243,0.799326961191276,0.74822867757845,0.726878151563559,0.820314708844203,0.822364780679738,0.822364780679738,NA,NA,NA,NA
