"horiz_0.5","horiz_1","horiz_1.5","horiz_2","horiz_2.5","horiz_3","horiz_3.5","horiz_4","horiz_4.5","horiz_5","horiz_5.5","horiz_6","horiz_6.5","horiz_7","horiz_7.5","horiz_8","horiz_8.5"
0.0426933461640579,0.0938641236648092,0.142662647379549,0.161187047879817,0.19433130010404,0.202831224506014,0.192813779162277,0.20616602868166,0.208649195786415,0.214683073754245,0.177571621827239,0.200450358005533,0.204464890071575,NA,NA,NA,NA
0.0429773850390563,0.0883801883888851,0.126651170070375,0.142643589721968,0.162036035295069,0.169849480831804,0.170483633712296,0.176677793591855,0.177580335068682,0.179004967099902,0.179437503330822,0.179753854822974,0.180071311327669,8.58027079050873e-06,1.52579117057245e-15,1.81192138784992e-32,5.18904951086327e-34
0.791079004701294,0.568283515081709,0.640157012122038,0.730417376561319,0.753660792949231,0.819114117616839,0.811836059454031,0.796823322123423,0.757483453727684,0.731616726791518,0.789420248967243,0.71922699862299,0.71922699862299,NA,NA,NA,NA
