"horiz_0.5","horiz_1","horiz_1.5","horiz_2","horiz_2.5","horiz_3","horiz_3.5","horiz_4","horiz_4.5","horiz_5","horiz_5.5","horiz_6","horiz_6.5","horiz_7","horiz_7.5","horiz_8","horiz_8.5"
0.0860118171451435,0.150543034218579,0.139063069831091,0.18018490267796,0.184214793372823,0.194491722287195,0.133908164727513,0.153223446117646,0.159493214260558,NA,NA,NA,NA,NA,NA,NA,NA
0.074467945135308,0.125679404797051,0.121035470406585,0.142732158794327,0.141669074560294,0.143150770140412,0.14120498050312,0.139625057137837,0.139204542046756,1.3690248226175e-05,9.51768655823502e-16,1.92267593658154e-33,4.68508823735099e-35,6.93727793092914e-61,9.42548346395224e-64,1.05564804277269e-66,9.69906515288679e-70
0.805555555555556,0.854021486643438,0.840750712701932,0.816314627338249,0.763833092292035,0.724471941007374,0.836707911511061,0.782277215348081,0.782277215348081,NA,NA,NA,NA,NA,NA,NA,NA
