"horiz_0.5","horiz_1","horiz_1.5","horiz_2","horiz_2.5","horiz_3","horiz_3.5","horiz_4","horiz_4.5","horiz_5","horiz_5.5","horiz_6","horiz_6.5","horiz_7","horiz_7.5","horiz_8","horiz_8.5"
0.0745882106022165,0.140274088690035,0.128957750592993,0.172140792312516,0.172472224692752,0.175428191819346,0.12820901666641,0.138734643283368,0.139305541607814,NA,NA,NA,NA,NA,NA,NA,NA
0.0642819660688377,0.113658099798833,0.108218164550442,0.131735410947039,0.130969180722502,0.131829662325261,0.132616619593822,0.13338234033152,0.133375161764185,0.000472001344695478,3.68095515136715e-09,5.44384913438243e-18,7.49821477751334e-17,2.15073417334094e-29,1.67727009545333e-27,1.01170923939394e-25,4.76221405947164e-24
0.861111111111111,0.873620789779326,0.862131770668356,0.835062283881181,0.787937222132948,0.752593425821772,0.836707911511061,0.782277215348081,0.782277215348081,NA,NA,NA,NA,NA,NA,NA,NA
