"horiz_0.5","horiz_1","horiz_1.5","horiz_2","horiz_2.5","horiz_3","horiz_3.5","horiz_4","horiz_4.5","horiz_5","horiz_5.5","horiz_6","horiz_6.5","horiz_7","horiz_7.5","horiz_8","horiz_8.5"
0.0177273084855031,0.0461398691805736,0.0732257887275852,0.073420973815965,0.0930348167169134,0.133556703765563,0.163335788595606,0.16194839706013,0.181719190134704,0.175873969550086,0.170053777685698,0.177240727233993,0.179772901583135,0.185159113154876,0.172389206568384,0.20011827621783,0.205152921877816
0.0184680554085387,0.0480179885979158,0.079008487964673,0.080353591569526,0.0973554354490111,0.125385035950296,0.144670332518955,0.148438381837327,0.157753588861903,0.160447825993679,0.16246583207022,0.166356687917408,0.168074123909823,0.169863220785926,0.171319296591453,0.172528279111259,0.173477005163598
0.829545454545455,0.802962314869982,0.84492973598111,0.839084388409678,0.834966245805148,0.702187610570732,0.718382299136228,0.780043992479145,0.795428738213854,0.863582694173646,0.858317172815657,0.845123896433107,0.820889873924226,0.802714357042567,0.855311507265836,0.807082009687781,0.807082009687781
